"ID","Name","Cost","Type","ParamType","EquipType","EventFlagID","SellQuantity"
"4111","Spelldrake Talisman +2","5000","Talisman","Accessory","2","1043630040","1"
"4113","Flamedrake Talisman +2","5000","Talisman","Accessory","2","1043630000","1"
"4114","Boltdrake Talisman +2","5000","Talisman","Accessory","2","1043630020","1"
"4112","Haligdrake Talisman +2","5000","Talisman","Accessory","2","1043630010","1"
"4115","Pearldrake Talisman +2","5000","Talisman","Accessory","2","1043630030","1"
"1070","Prosthesis-Wearer Heirloom","10000","Talisman","Accessory","2","400320","1"
"1060","Starscourge Heirloom","10000","Talisman","Accessory","2","1047387900","1"
"1080","Stargazer Heirloom","10000","Talisman","Accessory","2","34117500","1"
"1090","Two Fingers Heirloom","10000","Talisman","Accessory","2","1039417100","1"
"8020","Outer God Heirloom","10000","Talisman","Accessory","2","2045417800","1"
"1700","Throwing Dagger","40","Consumable","Good","3","150070","-1"
"2011070","Deflecting Hardtear","10000","Physick Tear","Good","3","65470","1"